{
  "baseline_test_acc": 0.8309999704360962,
  "baseline_causal_acc": 0.8309999704360962,
  "baseline_topo": 0.0,
  "best_config": [
    0.0,
    5.0
  ],
  "best_test_acc": 0.8420000076293945,
  "best_improvement": 0.01100003719329834,
  "best_causal_config": [
    0.0,
    5.0
  ],
  "best_causal_acc": 0.8420000076293945,
  "best_topo_config": [
    0.0,
    0.0
  ],
  "best_topo_pres": 0.0,
  "mean_color_reliance": 0.6407304356495539,
  "std_color_reliance": 0.0229091415940623
}