{
  "epochs": [
    0,
    1,
    2,
    3,
    4
  ],
  "train_metrics": {
    "recon": [
      0.05292993524416363,
      0.04524532622565025,
      0.042791826977125275,
      0.04125402750385598,
      0.04030185677464257
    ],
    "total": [
      0.05292993524416363,
      0.04524532622565025,
      0.042791826977125275,
      0.04125402750385598,
      0.04030185677464257
    ]
  },
  "val_metrics": {
    "recon": [
      0.0467856690446113,
      0.04388178361857191,
      0.04205263398112135,
      0.040993735828298204,
      0.04044343539057894
    ],
    "total": [
      0.0467856690446113,
      0.04388178361857191,
      0.04205263398112135,
      0.040993735828298204,
      0.04044343539057894
    ]
  }
}