{
  "steps": [
    0,
    50,
    100,
    150,
    200,
    250,
    300,
    350,
    400,
    450,
    500,
    550,
    600,
    650,
    700,
    750,
    800,
    850,
    900,
    950,
    1000,
    1050,
    1100,
    1150,
    1200,
    1250,
    1300,
    1350,
    1400,
    1450,
    1500,
    1550,
    1600,
    1650,
    1700,
    1750,
    1800,
    1850,
    1900,
    1950,
    2000,
    2050,
    2100
  ],
  "metrics": {
    "recon": [
      0.12085364758968353,
      0.06198757141828537,
      0.054699499160051346,
      0.05332678556442261,
      0.04906277358531952,
      0.048522062599658966,
      0.047021690756082535,
      0.048025794327259064,
      0.04722530022263527,
      0.047363944351673126,
      0.04765348508954048,
      0.04617655649781227,
      0.0472416989505291,
      0.04431082308292389,
      0.044557519257068634,
      0.04816082864999771,
      0.04559079557657242,
      0.04668954014778137,
      0.043140873312950134,
      0.04644143953919411,
      0.04576806724071503,
      0.045076072216033936,
      0.0414481945335865,
      0.03987126424908638,
      0.040003564208745956,
      0.041640184819698334,
      0.04153776541352272,
      0.04182908311486244,
      0.04112760350108147,
      0.04262738674879074,
      0.04113423079252243,
      0.043097157031297684,
      0.04261745885014534,
      0.04104474559426308,
      0.04138477146625519,
      0.03892403841018677,
      0.042381852865219116,
      0.04285934939980507,
      0.03974509611725807,
      0.041851360350847244,
      0.04190677031874657,
      0.03915270045399666,
      0.03818178549408913
    ],
    "total": [
      0.12085364758968353,
      0.06198757141828537,
      0.054699499160051346,
      0.05332678556442261,
      0.04906277358531952,
      0.048522062599658966,
      0.047021690756082535,
      0.048025794327259064,
      0.04722530022263527,
      0.047363944351673126,
      0.04765348508954048,
      0.04617655649781227,
      0.0472416989505291,
      0.04431082308292389,
      0.044557519257068634,
      0.04816082864999771,
      0.04559079557657242,
      0.04668954014778137,
      0.043140873312950134,
      0.04644143953919411,
      0.04576806724071503,
      0.045076072216033936,
      0.0414481945335865,
      0.03987126424908638,
      0.040003564208745956,
      0.041640184819698334,
      0.04153776541352272,
      0.04182908311486244,
      0.04112760350108147,
      0.04262738674879074,
      0.04113423079252243,
      0.043097157031297684,
      0.04261745885014534,
      0.04104474559426308,
      0.04138477146625519,
      0.03892403841018677,
      0.042381852865219116,
      0.04285934939980507,
      0.03974509611725807,
      0.041851360350847244,
      0.04190677031874657,
      0.03915270045399666,
      0.03818178549408913
    ]
  }
}